study_id,measurement_id,location_source,y_lat,x_lon,epsg,elevation_source,elevation_masl,glacier_name,rgi_id,region_range,country,date,to_bottom,site_description,notes,extraction_method,Unnamed: 17
1,1,google maps,45.930620000000005,7.8754029999999995,,,4450.0,Grenzgletscher,RGI60-11.02822,European Alps,Switzerland,1978,,colle gnifetti,14 km from terminus,plot digitizer,
1,2,google maps,45.973065000000005,7.802683999999999,,,2600.0,Grenzgletscher,RGI60-11.02822,European Alps,Switzerland,1979,,ablation area,5 km from terminus,plot digitizer,
1,3,google maps,45.974053000000005,7.774972,,,2500.0,Grenzgletscher,RGI60-11.02822,European Alps,Switzerland,1980,,ablation area,2 km from terminus,plot digitizer,
2,1,google maps,79.531432,-91.014641,,,1447.0,White Glacier,RGI60-03.04539,Axel Heiberg Island,Canada,1979-01,,accumulation area,,plot digitizer,
2,2,google maps,79.474711,-90.756867,,,625.0,White Glacier,RGI60-03.04539,Axel Heiberg Island,Canada,1980-04,,ablation area,,plot digitizer,
2,3,google maps,79.440386,-90.645269,,,230.0,White Glacier,RGI60-03.04539,Axel Heiberg Island,Canada,1979-04,,ablation area,,plot digitizer,
5,1,published,-16.65,-67.783333,,,6340.0,Illimani Volcano,RGI60-16.00485,Cordillera Real,Bolivia,1999-06,,summit region,,plot digitizer,
6,1,published,45.842712,6.8437149999999995,,,4300.0,Mont Blanc,RGI60-11.03646,European Alps,France,1999,,summit region,,plot digitizer,
6,2,published,45.842712,6.8437149999999995,,,4300.0,Mont Blanc,RGI60-11.03646,European Alps,France,2011,,summit region,,plot digitizer,
6,3,published,45.842144,6.8467193,,,4245.0,Mont Blanc,RGI60-11.03646,European Alps,France,1994,,summit region,,plot digitizer,
6,4,published,45.842144,6.8467193,,,4245.0,Mont Blanc,RGI60-11.03646,European Alps,France,2005,,summit region,,plot digitizer,
6,5,published,45.842144,6.8467193,,,4245.0,Mont Blanc,RGI60-11.03646,European Alps,France,2010,,summit region,,plot digitizer,
6,6,published,45.84037,6.848932700000001,,,4255.0,Mont Blanc,RGI60-11.03646,European Alps,France,1999,,summit region,,plot digitizer,
6,7,published,45.84037,6.848932700000001,,,4255.0,Mont Blanc,RGI60-11.03646,European Alps,France,2011,,summit region,,plot digitizer,
8,1,published,86420.0,633870.0,21781.0,,4470.0,Grenzgletscher,RGI60-11.02822,European Alps,Switzerland,1991-10,,accumulation area,CG91-B/91,plot digitizer,
8,2,published,86418.0,633872.0,21781.0,,4470.0,Grenzgletscher,RGI60-11.02822,European Alps,Switzerland,2007-11,,accumulation area,CG07-1/07,plot digitizer,
8,3,published,85900.0,633500.0,21781.0,,4250.0,Grenzgletscher,RGI60-11.02822,European Alps,Switzerland,1991-10,,accumulation area,GG91-D,plot digitizer,
8,4,published,85911.0,633502.0,21781.0,,4250.0,Grenzgletscher,RGI60-11.02822,European Alps,Switzerland,1999-05,,accumulation area,GG99-12,plot digitizer,
8,5,published,85900.0,633500.0,21781.0,,4250.0,Grenzgletscher,RGI60-11.02822,European Alps,Switzerland,2008-08,,accumulation area,GG08-5,plot digitizer,
12,1,caltopo,52.20682,-117.23517,,,2065.0,Athabasca Glacier,RGI60-02.12441,Canadian Rockies,Canada,1970-09-22,False,ablation area,Hole N,plot digitizer,
12,2,caltopo,52.18602,-117.26113000000001,,,2275.0,Athabasca Glacier,RGI60-02.12441,Canadian Rockies,Canada,1970-09-22,False,ablation area,Hole D,plot digitizer,
12,3,caltopo,52.198370000000004,-117.24918999999998,,,2170.0,Athabasca Glacier,RGI60-02.12441,Canadian Rockies,Canada,1970-09-22,False,ablation area,Hole L,plot digitizer,
12,4,caltopo,52.175940000000004,-117.30923999999999,,,3200.0,Athabasca Glacier,RGI60-02.12441,Canadian Rockies,Canada,1967-08-18,False,accumulation area,Hole A,manual,
12,5,caltopo,52.163309999999996,-117.30632,,,2910.0,Athabasca Glacier,RGI60-02.12441,Canadian Rockies,Canada,1967-08-18,False,accumulation area,Hole B,manual,
12,6,caltopo,52.1631,-117.28074,,,2730.0,Athabasca Glacier,RGI60-02.12441,Canadian Rockies,Canada,1967-08-18,False,accumulation area,Hole C,manual,
12,7,caltopo,52.1885,-117.25327,,,2235.0,Athabasca Glacier,RGI60-02.12441,Canadian Rockies,Canada,1986-04-25,False,ablation area,Hole E; only ice temperatures,plot digitizer,
12,8,caltopo,52.192240000000005,-117.25808,,,2230.0,Athabasca Glacier,RGI60-02.12441,Canadian Rockies,Canada,1986-04-24,False,ablation area,Hole H; only ice temperatures,plot digitizer,
12,9,caltopo,52.20112,-117.24085,,,2115.0,Athabasca Glacier,RGI60-02.12441,Canadian Rockies,Canada,1986-04-24,False,ablation area,Hole M; only ice temperatures,plot digitizer,
13,1,google maps,60.369155000000006,-139.961054,,,1791.0,Seward Glacier,RGI60-01.13696,Chugach,US,1948-07-12,,accumulation area,firn temps,plot digitizer,
15,1,google maps,46.537614000000005,7.971253999999999,,,3540.0,Jungfraufirn,RGI60-11.01450,European Alps,Switzerland,1991-08-27,,accumulation area,bh 91-3; other measurement dates available,plot digitizer,
15,2,google maps,46.541514,7.9781830000000005,,,3410.0,Jungfraufirn,RGI60-11.01450,European Alps,Switzerland,1991-08-27,,accumulation area,bh 91-2; other measurement dates available,plot digitizer,
15,3,google maps,46.549684,8.002083,,,3530.0,Jungfraufirn,RGI60-11.01450,European Alps,Switzerland,1991-08-27,,accumulation area,bh 91-5; other measurement dates available,plot digitizer,
15,4,google maps,45.93033,7.876755999999999,,,4452.0,Grenzgletscher,RGI60-11.02822,European Alps,Switzerland,1991-08-02,,accumulation area,bh 91-1,plot digitizer,
15,5,google maps,45.923589,7.8717690000000005,,,4300.0,Grenzgletscher,RGI60-11.02822,European Alps,Switzerland,1994-04-30,,accumulation area,bh 94-1,plot digitizer,
15,6,google maps,45.924076,7.862049000000001,,,4100.0,Grenzgletscher,RGI60-11.02822,European Alps,Switzerland,1994-06-01,,accumulation area,bh 94-2,plot digitizer,
15,7,google maps,45.922507,7.866534,,,4200.0,Grenzgletscher,RGI60-11.02822,European Alps,Switzerland,1994-10-31,,accumulation area,bh 94-A,plot digitizer,
16,1,google maps guessed,45.841407000000004,6.847641,,,4250.0,Col du Dôme/Bossons,RGI60-11.03646,European Alps,France,1994,,accumulation area,,plot digitizer,
16,2,google maps guessed,45.841407000000004,6.847641,,,4259.0,Col du Dôme/Bossons,RGI60-11.03646,European Alps,France,2005,,accumulation area,,plot digitizer,
17,1,google maps,79.440048,95.382408,,,650.0,Vavilov Ice Cap,RGI60-09.00472,Russian Arctic,Russia,1979,,accumulation area,profile 6; exact date unclear,plot digitizer,
18,1,topo svalbard,78.811214,12.881844000000001,,,367.0,Kongsvegen,RGI60-07.01481,Svalbard and Jan Mayen,Norway,1992,,ablation area,bh K1; data from Hagen 1992,plot digitizer,
18,2,topo svalbard,78.759108,13.335257999999998,,,635.0,Kongsvegen,RGI60-07.01481,Svalbard and Jan Mayen,Norway,1992,,accumulation area,bh K2; data from Hagen 1992,plot digitizer,
18,3,topo svalbard,78.8878,12.04861,,,180.0,Midtre Lovenbreen,RGI60-07.00493,Svalbard and Jan Mayen,Norway,1992,,ablation area,bh L3; data from Hagen 1992,plot digitizer,
18,4,topo svalbard,78.87204,11.998660000000001,,,380.0,Midtre Lovenbreen,RGI60-07.00493,Svalbard and Jan Mayen,Norway,1992,,accumulation area,bh L9; data from Hagen 1992,plot digitizer,
18,5,topo svalbard,78.8955,11.83762,,,175.0,Austre Broggerbreen,RGI60-07.00504,Svalbard and Jan Mayen,Norway,1992,,ablation area,bh B5; data from Hagen 1992,plot digitizer,
18,6,topo svalbard,78.88008,11.920960000000001,,,375.0,Austre Broggerbreen,RGI60-07.00504,Svalbard and Jan Mayen,Norway,1992,,accumulation area,bh B11; data from Hagen 1992,plot digitizer,
19,1,google maps,75.89793399999999,-79.111864,,,80.0,Laika Ice Cap,RGI60-03.01427,Coburg Island,Canada,1975,,ablation area,X1,plot digitizer,
19,2,google maps,75.89683000000001,-79.129082,,,202.0,Laika Ice Cap,RGI60-03.01427,Coburg Island,Canada,1975,,ablation area,X2,plot digitizer,
19,3,google maps,75.89527629999999,-79.14445620000001,,,315.0,Laika Ice Cap,RGI60-03.01427,Coburg Island,Canada,1975,,around ELA,X3,plot digitizer,
19,4,google maps,75.889619,-79.16328709999999,,,390.0,Laika Ice Cap,RGI60-03.01427,Coburg Island,Canada,1975,,accumulation area,X4,plot digitizer,
19,5,google maps,75.88171650000001,-79.18014720000001,,,527.0,Laika Ice Cap,RGI60-03.01427,Coburg Island,Canada,1975,,accumulation area,X5,plot digitizer,
21,1,caltopo guess,61.22458,-140.32565,,"guessed, difference between elevations extracted from plot",2220.0,Trapridge Glacier,RGI60-01.16315,Yukon,Canada,1980,,below surge bulge,#3,plot digitizer,
21,2,caltopo guess,61.22435,-140.32904,,"guessed, difference between elevations extracted from plot",2320.0,Trapridge Glacier,RGI60-01.16315,Yukon,Canada,1980,,at surge bulge,#6,plot digitizer,
21,3,caltopo guess,61.22416,-140.33217,,"guessed, difference between elevations extracted from plot",2420.0,Trapridge Glacier,RGI60-01.16315,Yukon,Canada,1980,,above surge bulge,#9,plot digitizer,
21,4,caltopo guess,61.22379,-140.33531000000002,,"guessed, difference between elevations extracted from plot",2500.0,Trapridge Glacier,RGI60-01.16315,Yukon,Canada,1980,,above surge bulge,#11,plot digitizer,
23,1,google maps,79.7072458,-74.52663390000001,,,1100.0,John Evans Glacier,RGI60-03.00545,Ellesmere Island,Canada,,,accumulation area,#1,manual,
23,2,google maps,79.6860756,-74.4592733,,,975.0,John Evans Glacier,RGI60-03.00545,Ellesmere Island,Canada,,,accumulation area,#4,manual,
23,3,google maps,79.6800437,-74.4332913,,,900.0,John Evans Glacier,RGI60-03.00545,Ellesmere Island,Canada,,,accumulation area,#6,manual,
23,4,google maps,79.64827559999999,-74.2047463,,,575.0,John Evans Glacier,RGI60-03.00545,Ellesmere Island,Canada,,,ablation area,#10,manual,
24,1,digitized from plot,7692709.4,623993.5,32606.0,,1750.0,McCall Glacier,RGI60-01.02228,Brooks Range,US,2008,,ablation area,JJMC; height above bedrock,plot digitizer,
24,2,digitized from plot,7689181.3,625031.95,32606.0,,2100.0,McCall Glacier,RGI60-01.02228,Brooks Range,US,2008,,accumulation area,LC; height above bedrock,plot digitizer,
24,3,digitized from plot,7690607.0,626602.2,32606.0,,2400.0,McCall Glacier,RGI60-01.02228,Brooks Range,US,2008,,accumulation area,UC; height above bedrock,plot digitizer,
25,1,google maps,49.793715,87.73221241,,,3450.0,Sofiyskiy Glacier,RGI60-10.01836,Altai,Russia,2000,,accumulation area,,plot digitizer,
25,2,google maps,49.793715,87.73221241,,,3440.0,Sofiyskiy Glacier,RGI60-10.01836,Altai,Russia,2001,,accumulation area,,plot digitizer,
26,1,google maps,45.8569236,6.817813709,,,3141.0,Glacier de Tête Rousse,RGI60-11.03438,European Alps,France,2010-09,,,,plot digitizer,
26,2,google maps,45.8567718,6.818435414,,,3159.0,Glacier de Tête Rousse,RGI60-11.03438,European Alps,France,2010-10,,,,plot digitizer,
26,3,google maps,45.8567264,6.818827044,,,3168.0,Glacier de Tête Rousse,RGI60-11.03438,European Alps,France,2010-11,,,,plot digitizer,
26,4,google maps,45.856787,6.819218674,,,3176.0,Glacier de Tête Rousse,RGI60-11.03438,European Alps,France,2010-12,,,,plot digitizer,
26,5,google maps,45.856724799999995,6.819786487000001,,,3181.0,Glacier de Tête Rousse,RGI60-11.03438,European Alps,France,,,,,plot digitizer,
26,6,google maps,45.8567151,6.8202679360000005,,,3186.0,Glacier de Tête Rousse,RGI60-11.03438,European Alps,France,,,,,plot digitizer,
26,7,google maps,45.856505,6.820819900000001,,,3207.0,Glacier de Tête Rousse,RGI60-11.03438,European Alps,France,,,,,plot digitizer,
27,1,google maps,45.8578979,6.840015556,,,3410.0,Taconnaz Glacier,RGI60-11.03647,European Alps,France,2012,,accumulation area,,plot digitizer,
27,2,google maps,45.853420299999996,6.839661853,,,3680.0,Taconnaz Glacier,RGI60-11.03647,European Alps,France,2008,,accumulation area,,plot digitizer,
27,3,google maps,45.8511161,6.836228851,,,3780.0,Taconnaz Glacier,RGI60-11.03647,European Alps,France,2008,,accumulation area,,plot digitizer,
27,4,google maps,45.8468843,6.839641046000001,,,4080.0,Taconnaz Glacier,RGI60-11.03647,European Alps,France,2008,,accumulation area,,plot digitizer,
27,5,google maps,45.8518841,6.84825476,,,4030.0,Taconnaz Glacier,RGI60-11.03647,European Alps,France,2013,,accumulation area,,plot digitizer,
28,1,google maps,61.256405799999996,-140.184505,,guessed,1760.0,Steele Glacier,RGI60-01.16377,Yukon,Canada,1973,,ablation area,"73-2; post surge (anomalous), estimated elevation",plot digitizer,
28,2,google maps,61.2867816,-140.01457,,guessed,1400.0,Steele Glacier,RGI60-01.16377,Yukon,Canada,1973,,ablation area,"73-3; post surge (""normal), estimated elevation",plot digitizer,
29,1,google maps,61.202314199999996,-140.297788,,,2295.0,Fox Glacier,RGI60-01.16374,Yukon,Canada,1969,,,#1,plot digitizer,
29,2,google maps,61.1962048,-140.2932,,,2455.0,Fox Glacier,RGI60-01.16374,Yukon,Canada,1969,,,#2,plot digitizer,
29,3,google maps,61.19503910000001,-140.284356,,guessed,2550.0,Fox Glacier,RGI60-01.16374,Yukon,Canada,1969,,,#3,plot digitizer,
29,4,google maps,61.199299800000006,-140.296203,,,2374.0,Fox Glacier,RGI60-01.16374,Yukon,Canada,1969,,,#4,plot digitizer,
29,5,google maps,61.205127299999994,-140.29904,,,2244.0,Fox Glacier,RGI60-01.16374,Yukon,Canada,1969,,,#5,plot digitizer,
29,6,google maps,61.2078598,-140.30045800000002,,,2188.0,Fox Glacier,RGI60-01.16374,Yukon,Canada,1969,,,#6,plot digitizer,
30,1,published,91030.0,627042.0,21781.0,,2467.0,Gornergletscher,RGI60-11.02822,European Alps,Switzerland,2006,,ablation area,BH4,plot digitizer,
30,2,published,91147.0,627506.0,21781.0,,2492.0,Gornergletscher,RGI60-11.02822,European Alps,Switzerland,2007,,ablation area,BHT3,plot digitizer,
30,3,published,90957.0,627748.0,21781.0,,2501.0,Gornergletscher,RGI60-11.02822,European Alps,Switzerland,2007,,ablation area,BHT2,plot digitizer,
30,4,published,90674.0,627557.0,21781.0,,2496.0,Gornergletscher,RGI60-11.02822,European Alps,Switzerland,2004,,ablation area,BH430,plot digitizer,
30,5,published,90579.0,627883.0,21781.0,,2516.0,Gornergletscher,RGI60-11.02822,European Alps,Switzerland,2006,,ablation area,BHC,plot digitizer,
30,6,published,90844.0,628257.0,21781.0,,2492.0,Gornergletscher,RGI60-11.02822,European Alps,Switzerland,2006,,ablation area,BH210,plot digitizer,
31,1,digitized from plot,3189341.0,743648.9,32644.0,,5600.0,Rikha Samba Glacier,RGI60-15.04591,Himalaya,Nepal,,,ablation area,,plot digitizer,
7,1,digitized from plot in Luethi 2001,86575.42,633796.06,21781.0,,4450.0,Grenzgletscher,RGI60-11.02822,European Alps,Switzerland,,True,accumulation area,B82-1,plot digitizer,
32,1,swisstopo,46.4152,9.8211,,,3340.0,Murtèl-Corvatsch,RGI60-11.01962,European Alps,Switzerland,1999-09-14,,,,plot digitizer,
32,2,swisstopo,46.4152,9.8211,,,3340.0,Murtèl-Corvatsch,RGI60-11.01962,European Alps,Switzerland,1999-12-01,,,,plot digitizer,
32,3,swisstopo,46.4152,9.8211,,,3340.0,Murtèl-Corvatsch,RGI60-11.01962,European Alps,Switzerland,2000-04-05,,,,plot digitizer,
32,4,swisstopo,46.4152,9.8211,,,3340.0,Murtèl-Corvatsch,RGI60-11.01962,European Alps,Switzerland,2000-06-19,,,,plot digitizer,
32,5,swisstopo,46.4152,9.8211,,,3340.0,Murtèl-Corvatsch,RGI60-11.01962,European Alps,Switzerland,2000-09-20,,,,plot digitizer,
33,1,google maps,63.442926,-146.516929,,,1860.0,Black Rapids Glacier,RGI60-01.00037,Alaska Range,US,1973-04-03,,accumulation area,firn temps; snow temps also available,plot digitizer,
33,2,google maps,63.442926,-146.516929,,,1860.0,Black Rapids Glacier,RGI60-01.00037,Alaska Range,US,1973-07-19,,accumulation area,firn temps; snow temps also available,plot digitizer,
33,3,google maps,63.4833402,-146.406772,,,1550.0,Black Rapids Glacier,RGI60-01.00037,Alaska Range,US,1973-04-03,,ablation area,ice temp; snow temp also available,plot digitizer,
33,4,google maps,63.4833402,-146.406772,,,1550.0,Black Rapids Glacier,RGI60-01.00037,Alaska Range,US,1973-07-20,,ablation area,ice temp; snow temp also available; surface at first datapoint.,plot digitizer,
33,5,google maps,63.45532579999999,-146.14303700000002,,,1140.0,Black Rapids Glacier,RGI60-01.00037,Alaska Range,US,1973-04-04,,ablation area,ice temp; snow temp also available,plot digitizer,
33,6,google maps,63.45532579999999,-146.14303700000002,,,1149.0,Black Rapids Glacier,RGI60-01.00037,Alaska Range,US,1973-07-23,,ablation area,ice temp; snow temp also available. Surface not first datpoint.,plot digitizer,
34,1,google maps guess (significant glacier change),78.11415799999999,15.99040771,,,305.0,Scott Turnerbreen,RGI60-07.01050,Svalbard and Jan Mayen,Norway,1993-05,,,surged in 1936,plot digitizer,
34,2,google maps,78.0954428,15.88386431,,,595.0,Scott Turnerbreen,RGI60-07.01050,Svalbard and Jan Mayen,Norway,1995-05,,,surged in 1937,plot digitizer,
35,1,google maps,77.0189,15.60193332,,estimated from Fig. 2,100.0,Hansbreen,RGI60-07.00240,Svalbard and Jan Mayen,Norway,1988-09-25,,,site A,manual,
35,2,google maps,77.0275588,15.65626762,,,128.0,Hansbreen,RGI60-07.00240,Svalbard and Jan Mayen,Norway,1994-10-05,,,site B2,plot digitizer,
35,3,google maps,77.09160159999999,15.63406651,,estimated from Fig. 2,325.0,Hansbreen,RGI60-07.00240,Svalbard and Jan Mayen,Norway,1989-04-11,,,site D,plot digitizer,
35,4,google maps,77.09160159999999,15.63406651,,,324.0,Hansbreen,RGI60-07.00240,Svalbard and Jan Mayen,Norway,1994-09-25,,,site D2,plot digitizer,
35,5,google maps,77.1073192,15.53912754,,,405.0,Hansbreen,RGI60-07.00240,Svalbard and Jan Mayen,Norway,1995-10-05,,,site F,plot digitizer,
35,6,google maps,77.0196218,15.59521456,,,100.0,Hansbreen,RGI60-07.00240,Svalbard and Jan Mayen,Norway,1979-08-02,,,site G,plot digitizer,
36,1,Planet basemaps,61.22429,-140.34572,,,,Trapridge Glacier,RGI60-01.16315,Yukon,Canada,,,,"hole 1,2, pre surge",plot digitizer,
36,2,Planet basemaps,61.22533000000001,-140.35687,,,,Trapridge Glacier,RGI60-01.16315,Yukon,Canada,,,,"hole 3, pre surge",plot digitizer,
36,3,Planet basemaps,61.2234,-140.35467,,,,Trapridge Glacier,RGI60-01.16315,Yukon,Canada,,,,"hole 4, pre surge",plot digitizer,
36,4,Planet basemaps,61.2219,-140.34123,,,,Trapridge Glacier,RGI60-01.16315,Yukon,Canada,,,,"hole 5, pre surge",plot digitizer,
36,5,Planet basemaps,61.22427,-140.33176,,,,Trapridge Glacier,RGI60-01.16315,Yukon,Canada,,,,"hole 6, pre surge",plot digitizer,
36,6,Planet basemaps,61.22578000000001,-140.31965,,,,Trapridge Glacier,RGI60-01.16315,Yukon,Canada,,,,"hole 7, pre surge",plot digitizer,
36,7,Planet basemaps,61.21813,-140.35455,,,,Trapridge Glacier,RGI60-01.16315,Yukon,Canada,,,,"hole 8, pre surge",plot digitizer,
37,1,google maps,78.68016920000001,12.119033900000002,,estimated from toposvalbard,430.0,Waldemarbreen,RGI60-07.00492,Svalbard and Jan Mayen,Norway,,,accumulation area,,manual,
37,2,google maps,78.68016920000001,12.119033900000002,,estimated from toposvalbard,430.0,Waldemarbreen,RGI60-07.00492,Svalbard and Jan Mayen,Norway,,,accumulation area,,manual,
38,1,published,-29.35,-70.014,,,5161.0,Guanaco Glacier,RGI60-17.14868,Andes,Chile,2011-04-04,,,,plot digitizer,
38,2,published,-29.35,-70.014,,,5161.0,Guanaco Glacier,RGI60-17.14868,Andes,Chile,2011-10-23,,,,plot digitizer,
39,1,published,78.81,17.6,,,1000.0,Lomonosovfonna,RGI60-07.01487,Svalbard and Jan Mayen,Norway,1976,,,,plot digitizer,
39,2,published,79.93,19.52,,,580.0,Vestfonna,RGI60-07.01510,Svalbard and Jan Mayen,Norway,1981,,,,plot digitizer,
39,3,published,79.97,21.02,,,600.0,Vestfonna,RGI60-07.01510,Svalbard and Jan Mayen,Norway,1995,,,,plot digitizer,
39,4,published,79.85,24.14,,,750.0,Austfonna,RGI60-07.00551,Svalbard and Jan Mayen,Norway,1987,,,,plot digitizer,
39,5,published,79.28,16.83,,,1200.0,Høghetta,RGI60-07.00844,Svalbard and Jan Mayen,Norway,1987,,,,plot digitizer,
39,6,published,79.13,13.3,,,1190.0,Snøfjellafonna,RGI60-07.01464,Svalbard and Jan Mayen,Norway,1992,,,,plot digitizer,
39,7,published,79.45,16.72,,,1140.0,Åsgårdfonna,RGI60-07.00871,Svalbard and Jan Mayen,Norway,1993,,,,plot digitizer,
39,8,published,79.45,95.35,,,665.0,Vavilova Ice Dome,RGI60-09.00472,Russian Arctic,Russia,,,,#1,plot digitizer,
39,9,published,79.5,95.08,,assumed same as 82a,720.0,Vavilova Ice Dome,RGI60-09.00472,Russian Arctic,Russia,1982,,,#2,plot digitizer,
39,10,published,79.32,96.02,,,720.0,Vavilova Ice Dome,RGI60-09.00472,Russian Arctic,Russia,1983,,,#4,plot digitizer,
39,11,published,79.38,95.72,,,680.0,Vavilova Ice Dome,RGI60-09.00472,Russian Arctic,Russia,1984,,,#5,plot digitizer,
39,12,published,80.5,94.83,,"orig. publ. gives 810, but 781 is highest elevation",780.0,Akademii Nauk Ice Dome,RGI60-09.00920,Russian Arctic,Russia,,,,#1,plot digitizer,
39,13,published,80.52,94.8,,"orig. publ. gives 810, but 781 is highest elevation",780.0,Akademii Nauk Ice Dome,RGI60-09.00920,Russian Arctic,Russia,,,,#2,plot digitizer,
39,14,published,80.78,63.55,,,505.0,Vetreniy Ice Dome,RGI60-09.00986,Russian Arctic,Russia,1997,,,,plot digitizer,
40,1,google maps guess from elevation (glacier separation),43.115486600000004,86.81283014,,,3840.0,Urumqi Glacier No. 1,RGI60-13.45335,Tienshan,China,1986,,,,plot digitizer,
40,2,google maps guess from elevation (glacier separation),43.115486600000004,86.81283014,,,3840.0,Urumqi Glacier No. 1,RGI60-13.45335,Tienshan,China,2001,,,,plot digitizer,
40,3,google maps guess from elevation (glacier separation),43.115486600000004,86.81283014,,,3840.0,Urumqi Glacier No. 1,RGI60-13.45335,Tienshan,China,2006,,,,plot digitizer,
41,1,published,48.633,90.95,,,3815.0,Tsambagarav,RGI60-10.02705,Altai,Mongolia,2008-06,,accumulation area,elevation and coords don't match,plot digitizer,
41,2,published,43.05,94.316,,,4512.0,Miaoergou,RGI60-13.48412,Tienshan,China,2005-08,,accumulation area,elevation and coords don't match,plot digitizer,
41,3,published,38.7,97.26700000000001,,,5356.0,Shule Nanshan,RGI60-13.32800,Qilian,China,2007-06,,accumulation area,elevation and coords don't match,plot digitizer,
41,4,published,28.17,86.633,,,6303.0,Gyabrag,RGI60-15.10175,Himalaya,China,2005-10,,accumulation area,elevation and coords don't match,plot digitizer,
10,1,digitized from plot,86383.68,633922.4,21781.0,,4480.0,Gornergletscher,RGI60-11.02822,European Alps,Switzerland,1995,True,accumulation area,b95-1,plot digitizer,
10,2,digitized from plot,86484.805,633744.75,21781.0,,4450.0,Gornergletscher,RGI60-11.02822,European Alps,Switzerland,1995,True,accumulation area,b95-1,plot digitizer,
46,1,google maps guess from elevation (glacier separation),35.221779299999994,81.11527554,,digitized from plot,5800.0,Chongce Ice Cap,RGI60-13.53222,Kulun Shan,China,1987,,,S0,plot digitizer,
46,2,google maps guess from elevation (glacier separation),35.2351867,81.11135593,,digitized from plot,5975.0,Chongce Ice Cap,RGI60-13.53222,Kulun Shan,China,1987,,,S4,plot digitizer,
46,3,google maps guess from elevation (glacier separation),35.246191100000004,81.10829374,,digitized from plot,6120.0,Chongce Ice Cap,RGI60-13.53222,Kulun Shan,China,1987,,,S8,plot digitizer,
46,4,google maps guess from elevation (glacier separation),35.26191,81.10065704,,digitized from plot,6325.0,Chongce Ice Cap,RGI60-13.53222,Kulun Shan,China,1987,,,S12,plot digitizer,
46,5,google maps,43.115486600000004,86.81283014,,estimated from plot,3840.0,Urumqi Glacier No. 1,RGI60-13.45335,Tienshan,China,1986-9-27,False,,T1,plot digitizer,
46,6,google maps,43.111059399999995,86.80957723,,estimated from plot,3960.0,Urumqi Glacier No. 1,RGI60-13.45335,Tienshan,China,1986-9-28,False,,T2,plot digitizer,
46,7,google maps,43.106036700000004,86.80647755,,estimated from plot,4050.0,Urumqi Glacier No. 1,RGI60-13.45335,Tienshan,China,1986-9-29,True,,T3,plot digitizer,
47,1,google maps,-31.962010999999997,-70.12193520000001,,,6070.0,Glaciar La Ollada (Mercedario),RGI60-17.14412,Andes,Chile,,,,,plot digitizer,
47,2,google maps,-29.35,-70.014,,,5161.0,Guanaco Glacier,RGI60-17.14868,Andes,Chile,,,,,plot digitizer,
48,1,google maps,-30.140240999999996,-69.931488,,,5536.0,Tapado Glacier,RGI60-17.14647,Andes,Chile,1999-02,True,,,plot digitizer,
50,1,google maps,27.9437778,86.81773669,,,4884.0,Khumbu Glacier,RGI60-15.03733,Himalaya,Nepal,2017-05,,,,plot digitizer,
50,2,google maps,27.9695686,86.82870764,,,4980.0,Khumbu Glacier,RGI60-15.03733,Himalaya,Nepal,2017-05,,,,plot digitizer,
50,3,google maps,27.991737,86.84700289,,,5206.0,Khumbu Glacier,RGI60-15.03733,Himalaya,Nepal,2017-05,,,,plot digitizer,
51,1,google maps,79.5082542,-90.8441553,,,1024.0,White Glacier,RGI60-03.04539,Axel Heiberg Island,Canada,1974-08-25,,,I,plot digitizer,
51,2,google maps,79.48509859999999,-90.7876998,,,717.0,White Glacier,RGI60-03.04539,Axel Heiberg Island,Canada,1974-08-25,,,II,plot digitizer,
51,3,google maps,79.4731948,-90.7527512,,,626.0,White Glacier,RGI60-03.04539,Axel Heiberg Island,Canada,1974-08-25,,,III,plot digitizer,
52,1,google maps guessed,43.133965100000005,-109.60994099999999,,,,Upper Fremont Glacier,RGI60-02.18799,Wind River Range,US,1990,,,plus/minus 0.4°C,manual,
54,1,google maps,77.4924878,15.25323517,,,204.0,Finsterwalderbreen,RGI60-07.00231,Svalbard and Jan Mayen,Norway,1994-04,,ablation area,,plot digitizer,
54,2,google maps,77.4366271,15.22366244,,,580.0,Finsterwalderbreen,RGI60-07.00231,Svalbard and Jan Mayen,Norway,1995-04,,accumulation area,,plot digitizer,
55,1,caltopo,52.19942,-117.24298999999999,,,2140.0,Athabasca Glacier,RGI60-02.12441,Canadian Rockies,Canada,,,hole 209,took average of two measurements,plot digitizer,
55,2,caltopo,52.204229999999995,-117.23711000000002,,,2075.0,Athabasca Glacier,RGI60-02.12441,Canadian Rockies,Canada,,,hole 72,took average of two measurements,plot digitizer,
55,3,caltopo,52.19258,-117.25908000000001,,,2235.0,Athabasca Glacier,RGI60-02.12441,Canadian Rockies,Canada,,,hole 100,took average of two measurements,plot digitizer,
56,1,google maps,67.9036926,18.56956375,,estimated from google maps,1400.0,Storglaciären,RGI60-08.00213,,Sweden,2002-04,False,,,plot digitizer,
57,1,published,48.655640399999996,90.84707854,,,4130.0,Khukh Nuru Uul glacier,RGI60-10.02659,Altai,Mongolia,2009-07,True,,,plot digitizer,
58,1,published,90579.0,627883.0,21781.0,,2516.0,Grenzgletscher,RGI60-11.02822,European Alps,Switzerland,2006-05-28,,ablation area,l5,plot digitizer,
58,2,published,91030.0,627042.0,21781.0,,2468.0,Grenzgletscher,RGI60-11.02822,European Alps,Switzerland,2005-06-11,,ablation area,ll5,plot digitizer,
58,3,published,91175.0,627434.0,21781.0,,2485.0,Grenzgletscher,RGI60-11.02822,European Alps,Switzerland,2010-06-15,,ablation area,f13,plot digitizer,
58,4,published,90957.0,627748.0,21781.0,,2501.0,Grenzgletscher,RGI60-11.02822,European Alps,Switzerland,2007-05-27,,ablation area,f9,plot digitizer,
58,5,published,90676.0,627970.0,21781.0,,2514.0,Grenzgletscher,RGI60-11.02822,European Alps,Switzerland,2008-06-09,,ablation area,f5,plot digitizer,
58,6,published,90674.0,627557.0,21781.0,,2497.0,Grenzgletscher,RGI60-11.02822,European Alps,Switzerland,2004-06-15,,ablation area,ll9,plot digitizer,
58,7,published,90867.0,628073.0,21781.0,,2506.0,Grenzgletscher,RGI60-11.02822,European Alps,Switzerland,2006-05-27,,ablation area,r6,plot digitizer,
58,8,published,90938.0,627681.0,21781.0,,2499.0,Grenzgletscher,RGI60-11.02822,European Alps,Switzerland,2010-06-13,,ablation area,l9a,plot digitizer,
58,9,published,90474.0,628018.0,21781.0,,2522.0,Grenzgletscher,RGI60-11.02822,European Alps,Switzerland,2008-06-10,,ablation area,f1,plot digitizer,
58,10,published,90509.0,627807.0,21781.0,,2514.0,Grenzgletscher,RGI60-11.02822,European Alps,Switzerland,2008-06-11,,ablation area,f3,plot digitizer,
59,1,published,-49.278195000000004,-73.35356479999999,,,2600.0,Pio XI glacier,RGI60-17.05181,Southern Patagonia Icefield,Chile,2006-08,,accumulation area,,plot digitizer,
60,1,caltopo,56.08941,160.53723,,estimated from plot,3875.0,Blichenok glacier,RGI60-10.04017,Kamchatka,Russia,,,,BH2 (yearly average),plot digitizer,
60,2,caltopo,56.08577,-199.53448,,estimated from plot,3875.0,Blichenok glacier,RGI60-10.04017,Kamchatka,Russia,1998,,,K2,plot digitizer,
61,1,published,130600.0,582608.0,21781.0,,2810.0,Glacier du Sex Rouge,RGI60-11.02244,European Alps,Switzerland,2013-11-17,,,#1,plot digitizer,
61,2,published,130754.0,582582.0,21781.0,,2780.0,Glacier du Sex Rouge,RGI60-11.02244,European Alps,Switzerland,2014-09-11,,,#2,plot digitizer,
61,3,published,161213.0,688857.0,21781.0,,2855.0,St. Annafirn,RGI60-11.01367,European Alps,Switzerland,2014-09-04,,,#6,manual,
61,4,published,161690.0,689086.0,21781.0,,2650.0,St. Annafirn,RGI60-11.01367,European Alps,Switzerland,2013-10-03,,,#9,manual,
62,1,topo svalbard,78.67358,12.13132,,,420.0,Irenebreen,RGI60-07.00490,Svalbard and Jan Mayen,Norway,,,,annual mean,plot digitizer,
63,1,google maps,79.59450129999999,12.56989669,,digitized from plot,25.0,Erikbreen,RGI60-07.00768,Svalbard and Jan Mayen,Norway,,,,site1 min,plot digitizer,
63,2,google maps,79.59450129999999,12.56989669,,digitized from plot,25.0,Erikbreen,RGI60-07.00768,Svalbard and Jan Mayen,Norway,,,,site 1 max,plot digitizer,
63,3,google maps,79.59856429999999,12.60153683,,digitized from plot,25.0,Erikbreen,RGI60-07.00768,Svalbard and Jan Mayen,Norway,,,,site 2 min,plot digitizer,
63,4,google maps,79.59856429999999,12.60153683,,digitized from plot,25.0,Erikbreen,RGI60-07.00768,Svalbard and Jan Mayen,Norway,,,,site 2 max,plot digitizer,
63,5,google maps,79.5995375,12.58114652,,digitized from plot,70.0,Erikbreen,RGI60-07.00768,Svalbard and Jan Mayen,Norway,,,,site 3 min,plot digitizer,
63,6,google maps,79.5995375,12.58114652,,digitized from plot,70.0,Erikbreen,RGI60-07.00768,Svalbard and Jan Mayen,Norway,,,,site 3 max,plot digitizer,
63,7,google maps,79.61868659999999,12.51200694,,digitized from plot,375.0,Erikbreen,RGI60-07.00768,Svalbard and Jan Mayen,Norway,,,,site 7 min,plot digitizer,
63,8,google maps,79.61868659999999,12.51200694,,digitized from plot,375.0,Erikbreen,RGI60-07.00768,Svalbard and Jan Mayen,Norway,,,,site 7 max,plot digitizer,
63,9,google maps,79.62265579999999,12.42997693,,digitized from plot,540.0,Erikbreen,RGI60-07.00768,Svalbard and Jan Mayen,Norway,,,,site 9 min,plot digitizer,
63,10,google maps,79.62265579999999,12.42997693,,digitized from plot,540.0,Erikbreen,RGI60-07.00768,Svalbard and Jan Mayen,Norway,,,,site 9 max,plot digitizer,
64,1,google maps,35.8165362,90.75000214,,,5680.0,Malan Glacier,RGI60-13.48936,Tibetan Plateau,China,1999,False,,,plot digitizer,
66,1,google maps,38.105165299999996,96.41680018,,,5325.0,Dunde Ice Cap,RGI60-13.35427,Qinghai Plateau,China,,,summit region,caption and legend do not agree,plot digitizer,
67,1,google maps,35.2308014,81.46574059,,,6200.0,Giuliya Ice Cap,RGI60-13.53249,Kulun Shan,China,1992,True,plateau region,caption and legend do not agree,plot digitizer,
67,2,google maps,35.2308014,81.46574059,,,6200.0,Giuliya Ice Cap,RGI60-13.53249,Kulun Shan,China,2015,True,plateau region,,plot digitizer,
67,3,google maps,35.275074100000005,81.49244657,,,6710.0,Giuliya Ice Cap,RGI60-13.53249,Kulun Shan,China,1991,,summit region,,plot digitizer,
67,4,google maps,35.275074100000005,81.49244657,,,6710.0,Giuliya Ice Cap,RGI60-13.53249,Kulun Shan,China,2015,,summit region,,plot digitizer,
69,1,google maps,45.8417942,6.846642185,,,4250.0,Col du Dôme-Bossons,RGI60-11.03646,European Alps,France,1994,True,accumulation area,same data as in Vincent 2007?,plot digitizer,
69,2,google maps,45.8417942,6.846642185,,,4250.0,Col du Dôme-Bossons,RGI60-11.03646,European Alps,France,2005,False,accumulation area,same data as in Vincent 2007?,plot digitizer,
69,3,google maps,45.8417942,6.846642185,,,4250.0,Col du Dôme-Bossons,RGI60-11.03646,European Alps,France,2010,False,accumulation area,,plot digitizer,
69,4,google maps,45.8417942,6.846642185,,,4250.0,Col du Dôme-Bossons,RGI60-11.03646,European Alps,France,2017,True,accumulation area,,plot digitizer,
70,1,published,33.212778,91.154167,,,5800.0,Geladandong Ice Cap,RGI60-13.49384,Tibetan Plateau,China,2004,False,,geothermal hotspot suspected under drill site,plot digitizer,
71,1,google maps,39.4783238,96.53493886,,,4550.0,Laohugou Glacier,RGI60-13.33006,Qilian Shan,China,,False,site 1,,plot digitizer,
71,2,google maps,39.441861700000004,96.55545016,,,4900.0,Laohugou Glacier,RGI60-13.33006,Qilian Shan,China,,False,site 2,,plot digitizer,
71,3,google maps,39.429247,96.55633645,,,5040.0,Laohugou Glacier,RGI60-13.33006,Qilian Shan,China,,False,site 3,,plot digitizer,
71,4,google maps,39.4355057,96.55583,,,4971.0,Laohugou Glacier,RGI60-13.33006,Qilian Shan,China,,False,deep borehole site,,plot digitizer,
73,1,google maps guess,79.78064,24.680979999999998,,,750.0,Austfonna,RGI60-07.00551,Svalbard and Jan Mayen,Norway,1987,,summit region,digizied deepest measurements (indicated with + in plot),plot digitizer,
73,2,google maps guess,-18.10813679,-68.88302202,,,6548.0,Nevado Sajama,RGI60-16.01587,Andes,Bolivia,,,summit region,,plot digitizer,
73,3,google maps guess,-15.54037719,-72.66184742,,,6451.0,Coropuna,RGI60-16.01485,Andes,Peru,2003,,rim,,plot digitizer,
73,4,google maps guess,-15.54586811,-72.66056844,,,6326.0,Coropuna,RGI60-16.01485,Andes,Peru,2003,,crater,,plot digitizer,
75,1,google maps,69.63971832,-72.14945899,,digitized from plot,685.0,Barnes Ice Cap,RGI60-04.06187,Baffin Island,Canada,1975-05-17,False,,14.3 T; within surge zone,manual,
75,2,google maps,69.5815068,-72.12125013,,digitized from plot,565.0,Barnes Ice Cap,RGI60-04.06187,Baffin Island,Canada,1975-05-21,False,,19.5 T; within surge zone,manual,
75,3,google maps,69.54665509,-72.11040056,,digitized from plot,450.0,Barnes Ice Cap,RGI60-04.06187,Baffin Island,Canada,1975-05-08,False,,24.55 T; within surge zone,manual,
76,1,digitized from plot,69.81379,-72.09318499999999,,estimated from firgure in Hooke 1980,525.0,Barnes Ice Cap,RGI60-04.06187,Baffin Island,Canada,1975-06-12,False,,T0975,plot digitizer,
76,2,digitized from plot,69.80686,-72.10005,,estimated from firgure in Hooke 1980,575.0,Barnes Ice Cap,RGI60-04.06187,Baffin Island,Canada,1976-07-05,False,,T091,plot digitizer,
76,3,digitized from plot,69.79795,-72.110344,,estimated from firgure in Hooke 1980,650.0,Barnes Ice Cap,RGI60-04.06187,Baffin Island,Canada,1977-06-13,False,,T081,plot digitizer,
76,4,digitized from plot,69.78211,-72.12066,,estimated from firgure in Hooke 1980,725.0,Barnes Ice Cap,RGI60-04.06187,Baffin Island,Canada,1976-07-01,False,,T061,plot digitizer,
76,5,digitized from plot,69.74945,-72.154976,,estimated from firgure in Hooke 1980,850.0,Barnes Ice Cap,RGI60-04.06187,Baffin Island,Canada,1976-07-09,False,,T020,plot digitizer,
76,6,digitized from plot,69.78899,-71.9703,,estimated from firgure in Hooke 1980,670.0,Barnes Ice Cap,RGI60-04.06187,Baffin Island,Canada,1974-06-27,True,,C4 (D4 in Hooke 1980),plot digitizer,
76,7,digitized from plot,69.71965,-71.89204000000001,,estimated from firgure in Hooke 1980,670.0,Barnes Ice Cap,RGI60-04.06187,Baffin Island,Canada,1974-06-14,False,,B4,plot digitizer,
78,1,from metadata,76.4113,-68.2873,,from aux data (Tuto_ramp_overview.png),505.0,Tuto Ramp,RGI60-05.07772,Greenland Periphery,Greenland,1962-08-15,True,,D-11,import,redigitize??
78,2,from metadata,71.306,-26.768,,,,Renland Ice Cap,RGI60-05.16062,Greenland Periphery,Greenland,1988,False,,,import,
78,3,from metadata,78.3897,-80.395,,,,Prince of Wales Ice Cap,RGI60-03.01708,Nunavut,Canada,2005-05-15,True,,,import,
78,4,from metadata,67.3,-65.2,,orig. publication (Fisher 1998),1810.0,Penny Ice Cap,RGI60-04.05688,Baffin Island,Canada,1996,True,,,import,
78,5,from metadata,79.93,-99.1,,,,Meighen Ice Cap,RGI60-03.00691,Nunavut,Canada,1965,True,,,import,
78,6,from metadata,82.84,-36.67,,,,Hans Tausen Hare,RGI60-05.10726,Greenland Periphery,Greenland,1995,True,,,import,
78,7,from metadata,82.51,-37.47,,,,Hans Tausen Dome,RGI60-05.10756,Greenland Periphery,Greenland,1995,True,,,import,
78,8,from metadata,81.2926,-15.7029,,,,Flade Isblink Ice Cap,RGI60-05.10315,Greenland Periphery,Greenland,2006,False,,,import,
78,9,orig. publication (Kinnard 2006),75.32,-81.64,,orig. publication (Kinnard 2006),1930.0,Devon Ice Cap,RGI60-03.02467,Nunavut,Canada,2000-04-15,False,,,import,
78,10,from metadata,75.34,-82.14,,,1800.0,Devon Ice Cap,RGI60-03.02467,Nunavut,Canada,1973,True,,,import,
78,11,from metadata,75.3,-82.3,,,1800.0,Devon Ice Cap,RGI60-03.02467,Nunavut,Canada,1972,False,,,import,
78,12,from metadata,80.7,-73.1,,,,Agassiz ,RGI60-03.00098,Nunavut,Canada,1984,,,location within 2 km,import,
78,13,from metadata,80.7,-73.1,,,,Agassiz,RGI60-03.00098,Nunavut,Canada,1979,,,location within 2 km,import,
78,14,from metadata,80.7,-73.1,,,,Agassiz,RGI60-03.00098,Nunavut,Canada,1979,,,location within 2 km,import,
78,15,from metadata,80.7,-73.1,,,,Agassiz,RGI60-03.00098,Nunavut,Canada,1977,,,location within 2 km,import,
74,1,from author,28.02767227,86.95550508,,,6350.0,East Rongbuk Glacier,RGI60-15.10055,Himalaya,China,2008-05-04,,,,import ,
